{"cameraMode":{"drawMode":0,"name":"Shaded","section":"Shading Mode"},"sceneLighting":true,"audioPlay":false,"sceneViewState":{"m_AlwaysRefresh":false,"showFog":true,"showSkybox":true,"showFlares":true,"showImageEffects":true,"showParticleSystems":true,"showVisualEffectGraphs":true,"m_FxEnabled":true},"in2DMode":false,"pivot":{"x":-1.1899986267089844,"y":-1.7200002670288087,"z":-0.1699981689453125},"rotation":{"x":0.27251142263412478,"y":-0.007524846121668816,"z":0.0021126235369592907,"w":0.9621597528457642},"size":13.708237648010254,"orthographic":false}