{"cameraMode":{"drawMode":0,"name":"Shaded","section":"Shading Mode"},"sceneLighting":false,"audioPlay":false,"sceneViewState":{"m_AlwaysRefresh":false,"showFog":true,"showSkybox":false,"showFlares":true,"showImageEffects":true,"showParticleSystems":true,"showVisualEffectGraphs":true,"m_FxEnabled":true},"in2DMode":false,"pivot":{"x":0.27300000190734866,"y":2.3259999752044679,"z":-4.233999252319336},"rotation":{"x":-0.006065083667635918,"y":0.991438090801239,"z":-0.12105634063482285,"w":-0.04968397319316864},"size":0.16927829384803773,"orthographic":false}